<config>
<append xpath="/blocks">

	<block name="wswitch">
		<property name="Class" value="Switch"/>
		<property name="Material" value="Mmetal"/>
		<property name="MaxDamage" value="1000"/>
		<property name="StabilitySupport" value="true"/>
		<property name="CustomIcon" value="fusebox"/>
		<property name="ImposterDontBlock" value="true"/>
		<property name="Collide" value="movement,melee,bullet,arrow,rocket"/>
		<property name="IsTerrainDecoration" value="true"/>
		<property name="Stacknumber" value="10"/>
		<property name="Shape" value="Ext3dModel"/>
		<property name="Texture" value="293"/>
		<property name="Model" value="Industrial/fusebox" param1="main_mesh"/> <property name="HandleFace" value="South"/>
		<property name="Mesh" value="models"/>
		<property name="RequiredPower" value="0"/>
		<property name="Group" value="Building"/>
		<property name="DamageReceived" value="0.5"/>
		<property name="FilterTags" value="fdecor,fother,felectrical"/>
		<property name="SortOrder1" value="70e0"/>
		<property class="RepairItems">
		  <property name="resourceScrapIron" value="8"/>
		</property>		
		<drop event="Harvest" name="terrStone" count="0" tool_category="Disassemble"/>
		<drop event="Harvest" name="resourceMechanicalParts" count="1,3" tag="salvageHarvest"/>
		<drop event="Harvest" name="resourceScrapIron" count="4,8" tag="salvageHarvest"/>
		<drop event="Destroy" name="resourceScrapIron" count="4,8" prob="1"/>
		<drop event="Fall" name="scrapMetalPile" count="1" prob="0.75" stick_chance="1"/>
		<property name="EconomicValue" value="100"/>
		<property name="Weight" value="60"/>
	</block>
	
	<block name="SwitchBoxTop">
		<property name="Extends" value="wswitch"/>
		<property name="Model" value="Industrial/control_panel_top_04" param1="main_mesh"/>
		<property name="CustomIcon" value="controlPanelTop04"/>
	</block>
	
	<block name="FuseBoxBase01">
		<property name="Class" value="Powered"/>
		<property name="CustomIcon" value="controlPanelBase01"/>
		<property name="MaxDamage" value="1000"/>
		<property name="RequiredPower" value="0"/>
		<property name="Material" value="Mmetal"/>
		<property name="Shape" value="Ext3dModel"/> <property name="Texture" value="293"/>
		<property name="Mesh" value="models"/>
		<property name="Path" value="solid"/>
		<property name="Model" value="Industrial/control_panel_base_01" param1="main_mesh"/>
		<property name="Place" value="TowardsPlacerInverted"/>
		<property name="ImposterExchange" value="imposterBlock" param1="2"/>
		<drop event="Harvest" name="terrStone" count="0" tool_category="Disassemble"/>
		<drop event="Harvest" name="resourceMetalPipe" count="1" prob="0.1" tag="salvageHarvest"/>
		<drop event="Harvest" name="resourceSpring" count="1" prob="0.1" tag="salvageHarvest"/>
		<drop event="Harvest" name="resourceElectricParts" count="1,5" tag="salvageHarvest"/>
		<drop event="Harvest" name="resourceElectricParts" count="1,5" prob="0.4" tag="salvageHarvest"/>
		<drop event="Harvest" name="resourceScrapIron" count="20" tag="allHarvest"/>
		<drop event="Destroy" name="resourceScrapIron" count="100" prob="1"/>
		<property name="EconomicValue" value="100"/>
		<drop event="Fall" name="scrapMetalPile" count="1" prob="0.75" stick_chance="1"/>
		<property name="FilterTags" value="fdecor,fother,felectrical"/>
		<property name="SortOrder1" value="70e0"/>
		<property name="Weight" value="60"/>
	</block>

		<block name="FuseBoxBase02">
			<property name="Extends" value="FuseBoxBase01"/>
			<property name="Model" value="Industrial/control_panel_base_02" param1="main_mesh"/>
			<property name="CustomIcon" value="controlPanelBase02"/>
		</block>

		<block name="FuseBoxBase03">
			<property name="Extends" value="FuseBoxBase01"/>
			<property name="Model" value="Industrial/control_panel_base_03" param1="main_mesh"/>
			<property name="CustomIcon" value="controlPanelBase03"/>
		</block>

		<block name="FuseBoxBase04">
			<property name="Extends" value="FuseBoxBase01"/>
			<property name="Model" value="Industrial/control_panel_base_04" param1="main_mesh"/>
			<property name="CustomIcon" value="controlPanelBase04"/>
		</block>

		<block name="FuseBoxBase05">
			<property name="Extends" value="FuseBoxBase01"/>
			<property name="Model" value="Industrial/control_panel_base_05" param1="main_mesh"/>
			<property name="CustomIcon" value="controlPanelBase05"/>
		</block>

		<block name="FuseBoxBase06">
			<property name="Extends" value="FuseBoxBase01"/>
			<property name="Model" value="Industrial/control_panel_base_06" param1="main_mesh"/>
			<property name="CustomIcon" value="controlPanelBase06"/>
		</block>

		<block name="FuseBoxTop01">
			<property name="Extends" value="FuseBoxBase01"/>
			<property name="Model" value="Industrial/control_panel_top_01" param1="main_mesh"/>
			<property name="CustomIcon" value="controlPanelTop01"/>
		</block>

		<block name="FuseBoxTop02">
			<property name="Extends" value="FuseBoxBase01"/>
			<property name="Model" value="Industrial/control_panel_top_02" param1="main_mesh"/>
			<property name="CustomIcon" value="controlPanelTop02"/>
		</block>

		<block name="FuseBoxTop03">
			<property name="Extends" value="FuseBoxBase01"/>
			<property name="Model" value="Industrial/control_panel_top_03" param1="main_mesh"/>
			<property name="CustomIcon" value="controlPanelTop03"/>
		</block>

		<block name="FuseBoxTop04">
			<property name="Extends" value="FuseBoxBase01"/>
			<property name="Model" value="Industrial/control_panel_top_04" param1="main_mesh"/>
			<property name="CustomIcon" value="controlPanelTop04"/>
		</block>

		<block name="FuseBoxTop05">
			<property name="Extends" value="FuseBoxBase01"/>
			<property name="Model" value="Industrial/control_panel_top_05" param1="main_mesh"/>
			<property name="CustomIcon" value="controlPanelTop05"/>
		</block>

		<block name="FuseBoxTop06">
			<property name="Extends" value="FuseBoxBase01"/>
			<property name="Model" value="Industrial/control_panel_top_06" param1="main_mesh"/>
			<property name="CustomIcon" value="controlPanelTop06"/>
		</block>

		<block name="FuseBoxTop07">
			<property name="Extends" value="FuseBoxBase01"/>
			<property name="Model" value="Industrial/control_panel_top_07" param1="main_mesh"/>
			<property name="CustomIcon" value="controlPanelTop07"/>
		</block>

		<block name="FuseBoxCorner">
			<property name="Extends" value="FuseBoxBase01"/>
			<property name="Model" value="Industrial/control_panel_corner" param1="main_mesh"/>
			<property name="CustomIcon" value="controlPanelCorner"/>
		</block>

		<block name="FuseBoxBase07">
			<property name="Extends" value="FuseBoxBase01"/>
			<property name="Model" value="Industrial/control_panel_base_07" param1="main_mesh"/>
			<property name="CustomIcon" value="controlPanelBase07"/>
		</block>

		<block name="FuseBoxBase08">
			<property name="Extends" value="FuseBoxBase01"/>
			<property name="Model" value="Industrial/control_panel_base_08" param1="main_mesh"/>
			<property name="CustomIcon" value="controlPanelBase08"/>
		</block>

		<block name="wfusebox">
			<property name="Extends" value="FuseBoxBase01"/>
			<property name="Shape" value="Ext3dModel"/> <property name="Texture" value="293"/>
			<property name="Mesh" value="models"/>
			<property name="Model" value="Industrial/fusebox" param1="main_mesh"/> <property name="HandleFace" value="South"/>
			<property name="LightOpacity" value="0"/>
			<property name="Collide" value="movement,melee,bullet,arrow,rocket"/>
			<property name="EconomicValue" value="150"/>
			<property name="FilterTags" value="fdecor,fother,felectrical"/>
			<property name="SortOrder1" value="70e0"/>
			<property name="CustomIcon" value="fusebox"/>
		</block>
		<block name="welectricalBox01">
			<property name="Extends" value="FuseBoxBase01"/>
			<property name="Collide" value="movement,melee,bullet,arrow,rocket"/>
			<property name="Model" value="Industrial/electrical_box01" param1="main_mesh"/>
			<property name="CustomIcon" value="electricalBox01"/>
		</block>
			<block name="wfuseblock">
			<property name="Class" value="Powered"/>
			<property name="Material" value="Mmetal"/>
			<property name="MaxDamage" value="6000"/>
			<property name="StabilitySupport" value="true"/>
			<property name="CustomIcon" value="bridgeMetalRivetBlock"/>
			<property name="ImposterDontBlock" value="true"/>
			<property name="Collide" value="movement,melee,bullet,arrow,rocket"/>
			<property name="IsTerrainDecoration" value="true"/>
			<property name="Shape" value="New"/>
			<property name="Texture" value="46"/>
			<property name="Model" value="cube"/>
			<property name="ModelOffset" value="0,0.5,0"/>
			<property name="RequiredPower" value="0"/>
			<property name="Group" value="Building"/>
			<property name="FilterTags" value="fdecor,fother,felectrical"/>
			<property name="SortOrder1" value="70e0"/>
			<property name="EconomicValue" value="100"/>
			<property name="Weight" value="60"/>
			<drop event="Harvest" name="terrStone" count="0" tool_category="Disassemble"/>
			<drop event="Harvest" name="resourceMechanicalParts" count="1,3" tag="salvageHarvest"/>
			<drop event="Harvest" name="resourceScrapIron" count="4,8" tag="salvageHarvest"/>
			<drop event="Destroy" name="resourceScrapIron" count="100" prob="1"/>
			<drop event="Fall" name="scrapMetalPile" count="1" prob="0.75" stick_chance="1"/>
				<property class="RepairItems">
					<property name="resourceScrapIron" value="8"/>
				</property>	
		</block>
		
		<block name="PoweredConduit">
			<property name="Class" value="Powered"/>
			<property name="Material" value="Mmetal"/>
			<property name="RequiredPower" value="0"/>
			<property name="EconomicValue" value="100"/>
			<property name="Weight" value="60"/>
			<property name="MaxDamage" value="2000"/>
			<property name="StabilitySupport" value="true"/>
			<property name="IsTerrainDecoration" value="true"/>
			<property name="Group" value="Building"/>
			<property name="Shape" value="New"/>
			<property name="Mesh" value="cutout"/>
			<property name="LightOpacity" value="2"/>
			<property name="Model" value="decal"/> <property name="HandleFace" value="South"/>
			<property name="Collide" value="movement,melee,bullet,arrow,rocket"/>
			<property name="Texture" value="526"/>
			<drop event="Harvest" name="terrStone" count="0" tool_category="Disassemble"/>
			<drop event="Harvest" name="resourceElectricParts" count="0,4" tag="salvageHarvest"/>
			<drop event="Harvest" name="resourceScrapIron" count="4,8" tag="salvageHarvest"/>
			<drop event="Destroy" name="resourceScrapIron" count="100" prob="1"/>
			<property name="FilterTags" value="fdecor,felectrical,fother"/>
			<property name="SortOrder1" value="70e0"/>
			<drop event="Fall" count="0" prob="0"/>
			<property name="CustomIcon" value="conduit01"/>
			<property class="RepairItems">
				<property name="resourceScrapIron" value="8"/>
			</property>	
		</block>

		<block name="PoweredConduitCurve">
			<property name="Extends" value="PoweredConduit"/>
			<property name="Texture" value="527"/>
			<property name="CustomIcon" value="conduit01Curve"/>
		</block>

		<block name="PoweredConduitEnd">
			<property name="Extends" value="PoweredConduit"/>
			<property name="Texture" value="528"/>
			<property name="CustomIcon" value="conduit01End"/>
		</block>

		<block name="PoweredConduitCorner">
			<property name="Extends" value="PoweredConduit"/>
			<property name="Model" value="decal_corner"/>
			<property name="Texture" value="526"/>
			<property name="CustomIcon" value="conduit01Corner"/>
		</block>
</append>
	<append xpath="/blocks/block[@name='controlPanelBase01']">
		<property name="CanPickup" value="true" param1="WirelessElectricalVariantHelper"/>
	</append>
	<append xpath="/blocks/block[@name='controlPanelBase02']">
		<property name="CanPickup" value="true" param1="WirelessElectricalVariantHelper"/>
	</append>
	<append xpath="/blocks/block[@name='controlPanelBase03']">
		<property name="CanPickup" value="true" param1="WirelessElectricalVariantHelper"/>
	</append>
	<append xpath="/blocks/block[@name='controlPanelBase04']">
		<property name="CanPickup" value="true" param1="WirelessElectricalVariantHelper"/>
	</append>
	<append xpath="/blocks/block[@name='controlPanelBase05']">
		<property name="CanPickup" value="true" param1="WirelessElectricalVariantHelper"/>
	</append>
	<append xpath="/blocks/block[@name='controlPanelBase06']">
		<property name="CanPickup" value="true" param1="WirelessElectricalVariantHelper"/>
	</append>
	<append xpath="/blocks/block[@name='controlPanelBase07']">
		<property name="CanPickup" value="true" param1="WirelessElectricalVariantHelper"/>
	</append>
	<append xpath="/blocks/block[@name='controlPanelBase08']">
		<property name="CanPickup" value="true" param1="WirelessElectricalVariantHelper"/>
	</append>
	<append xpath="/blocks/block[@name='controlPanelTop01']">
		<property name="CanPickup" value="true" param1="WirelessElectricalVariantHelper"/>
	</append>
	<append xpath="/blocks/block[@name='controlPanelTop02']">
		<property name="CanPickup" value="true" param1="WirelessElectricalVariantHelper"/>
	</append>
	<append xpath="/blocks/block[@name='controlPanelTop03']">
		<property name="CanPickup" value="true" param1="WirelessElectricalVariantHelper"/>
	</append>
	<append xpath="/blocks/block[@name='controlPanelTop04']">
		<property name="CanPickup" value="true" param1="WirelessElectricalVariantHelper"/>
	</append>
	<append xpath="/blocks/block[@name='controlPanelTop05']">
		<property name="CanPickup" value="true" param1="WirelessElectricalVariantHelper"/>
	</append>
	<append xpath="/blocks/block[@name='controlPanelTop06']">
		<property name="CanPickup" value="true" param1="WirelessElectricalVariantHelper"/>
	</append>
	<append xpath="/blocks/block[@name='controlPanelTop07']">
		<property name="CanPickup" value="true" param1="WirelessElectricalVariantHelper"/>
	</append>
	<append xpath="/blocks/block[@name='controlPanelCorner']">
		<property name="CanPickup" value="true" param1="WirelessElectricalVariantHelper"/>
	</append>
	<append xpath="/blocks/block[@name='conduit01']">
		<property name="CanPickup" value="true" param1="WirelessElectricalVariantHelper"/>
	</append>
	<append xpath="/blocks/block[@name='conduit01Curve']">
		<property name="CanPickup" value="true" param1="WirelessElectricalVariantHelper"/>
	</append>
	<append xpath="/blocks/block[@name='conduit01End']">
		<property name="CanPickup" value="true" param1="WirelessElectricalVariantHelper"/>
	</append>
	<append xpath="/blocks/block[@name='conduit01Corner']">
		<property name="CanPickup" value="true" param1="WirelessElectricalVariantHelper"/>
	</append>
<append xpath="/blocks">
	<block name="WirelessElectricalVariantHelper">
	<property name="Extends" value="FuseBoxBase01"/>
	<property name="CustomIcon" value="Fusebox"/>
	<property name="CreativeMode" value="Player"/>
	<property name="ItemTypeIcon" value="all_blocks"/>
	<property name="SelectAlternates" value="true" />
	<property name="PlaceAltBlockValue" value="FuseBoxBase01,FuseBoxBase02,FuseBoxBase02,FuseBoxBase04,FuseBoxBase05,FuseBoxBase06,FuseBoxBase07,FuseBoxBase08,FuseBoxTop01,FuseBoxTop02,FuseBoxTop03,FuseBoxTop04,FuseBoxTop05,FuseBoxTop06,FuseBoxTop07,wfusebox,welectricalBox01,wfuseblock,SwitchBoxTop,wswitch,PoweredConduit,PoweredConduitCurve,PoweredConduitEnd,PoweredConduitCorner"/>
	</block>
</append>
</config>